"","treatment","microbe","concentration","reliability","used.model","log.x","log.y","nboot.gc","mu.model","lambda.model","A.model","integral.model","stdmu.model","stdlambda.model","stdA.model","ci90.mu.model.lo","ci90.mu.model.up","ci90.lambda.model.lo","ci90.lambda.model.up","ci90.A.model.lo","ci90.A.model.up","ci95.mu.model.lo","ci95.mu.model.up","ci95.lambda.model.lo","ci95.lambda.model.up","ci95.A.model.lo","ci95.A.model.up","mu.spline","lambda.spline","A.spline","integral.spline","mu.bt","lambda.bt","A.bt","integral.bt","stdmu.bt","stdlambda.bt","stdA.bt","stdintegral.bt","ci90.mu.bt.lo","ci90.mu.bt.up","ci90.lambda.bt.lo","ci90.lambda.bt.up","ci90.A.bt.lo","ci90.A.bt.up","ci90.integral.bt.lo","ci90.integral.bt.up","ci95.mu.bt.lo","ci95.mu.bt.up","ci95.lambda.bt.lo","ci95.lambda.bt.up","ci95.A.bt.lo","ci95.A.bt.up","ci95.integral.bt.lo","ci95.integral.bt.up"
"1","treatment","bb362","apr 15",TRUE,"gompertz",FALSE,FALSE,0,1.28143289791204e-05,-261.563862139722,0.0168982207748264,63.7164766942541,2.3732708417338e-07,14.2423126518065,4.30206794416156e-05,1.24239259256552e-05,1.32047320325856e-05,-284.992466451944,-238.135257827501,0.0168274517571449,0.0169689897925078,1.23491678941406e-05,1.32794900641003e-05,-289.478794937263,-233.648929342182,0.0168139002431208,0.0169825413065319,4.65417578621979e-05,6.18352880440949,0.0170114595333459,63.6953012147688,NA,NA,NA,NA,NA,NA,NA,NA,NA,NA,NA,NA,NA,NA,NA,NA,NA,NA,NA,NA,NA,NA,NA,NA
"2","treatment","02-343","apr 15",TRUE,"richards",FALSE,FALSE,0,1.08488235781821e-05,-220.647122234933,0.0204063360282612,63.4193224317803,1.03529388810464e-06,38.2875654619001,0.000184276695146264,9.14576513224998e-06,1.25518820241142e-05,-283.630167419759,-157.664077050107,0.0201032008647456,0.0207094711917768,8.81964755749702e-06,1.28779995988672e-05,-295.690750540257,-145.603493929609,0.0200451537057746,0.0207675183507479,6.07871255062179e-05,12.5435392968963,0.020012385386267,63.4348031970592,NA,NA,NA,NA,NA,NA,NA,NA,NA,NA,NA,NA,NA,NA,NA,NA,NA,NA,NA,NA,NA,NA,NA,NA
"3","treatment","ec124","apr 15",TRUE,"gompertz",FALSE,FALSE,0,1.06067750761395e-05,-410.897712564413,0.0185475209603456,67.5663176104757,2.45022033007636e-07,23.5405773660921,7.17654475937308e-05,1.02037138318419e-05,1.10098363204371e-05,-449.621962331635,-372.173462797192,0.0184294667990539,0.0186655751216372,1.01265318914445e-05,1.10870182608345e-05,-457.037244201954,-364.758180926873,0.0184068606830618,0.0186881812376293,4.85371389182572e-05,6.53076301009299,0.0190148851932172,67.5353307441644,NA,NA,NA,NA,NA,NA,NA,NA,NA,NA,NA,NA,NA,NA,NA,NA,NA,NA,NA,NA,NA,NA,NA,NA
"4","treatment","11-228","apr 15",TRUE,"gompertz",FALSE,FALSE,0,1.13569312335264e-05,-385.243522472266,0.0195375221514645,71.1025969971797,2.47159162640093e-07,21.6792474482247,7.14368646332371e-05,1.09503544109835e-05,1.17635080560694e-05,-420.905884524596,-349.581160419937,0.0194200085091428,0.0196550357937862,1.08724992747519e-05,1.1841363192301e-05,-427.734847470787,-342.752197473746,0.0193975058967834,0.0196775384061457,4.87812551606509e-05,6.44998263209183,0.0200081383734754,71.0677920669537,NA,NA,NA,NA,NA,NA,NA,NA,NA,NA,NA,NA,NA,NA,NA,NA,NA,NA,NA,NA,NA,NA,NA,NA
"5","treatment","scc187","apr 15",TRUE,"gompertz",FALSE,FALSE,0,1.08333292807552e-05,-342.970520436268,0.0177918862382982,64.9515184262354,2.2853480872402e-07,19.9487039945392,6.18160365437689e-05,1.04573895204042e-05,1.12092690411062e-05,-375.786138507285,-310.154902365251,0.0176901988581837,0.0178935736184127,1.03854010556561e-05,1.12812575058543e-05,-382.069980265565,-303.871060606971,0.0176707268066724,0.017913045669924,3.93777292380249e-05,3.66389204508017,0.0185530993856419,64.9159295738598,NA,NA,NA,NA,NA,NA,NA,NA,NA,NA,NA,NA,NA,NA,NA,NA,NA,NA,NA,NA,NA,NA,NA,NA
"6","treatment","ec116","apr 15",TRUE,"gompertz",FALSE,FALSE,0,1.03228140127236e-05,-371.497618285277,0.0177664035898267,64.4622586503592,2.44369920599073e-07,23.4514052975653,7.16821862112182e-05,9.92082549333809e-06,1.0724802532109e-05,-410.075179999772,-332.920056570782,0.0176484863935092,0.0178843207861441,9.84384896834939e-06,1.08017790570978e-05,-417.462372668505,-325.532863902049,0.0176259065048527,0.0179069006748007,3.78640353162528e-05,8.5252466004576,0.0188437286211882,64.4203813926636,NA,NA,NA,NA,NA,NA,NA,NA,NA,NA,NA,NA,NA,NA,NA,NA,NA,NA,NA,NA,NA,NA,NA,NA
"7","treatment","p. caro","apr 15",TRUE,"gompertz",FALSE,FALSE,0,1.08940586633714e-05,-395.523261050871,0.0186948636455865,68.226412031877,2.48645125205636e-07,22.7979453918756,7.07040436637073e-05,1.04850374324081e-05,1.13030798943346e-05,-433.025881220507,-358.020640881236,0.0185785554937597,0.0188111717974133,1.04067142179683e-05,1.13814031087744e-05,-440.207234018947,-350.839288082795,0.0185562837200056,0.0188334435711674,3.85358513553936e-05,-3.80702430814051,0.0195420551766949,68.1886893970441,NA,NA,NA,NA,NA,NA,NA,NA,NA,NA,NA,NA,NA,NA,NA,NA,NA,NA,NA,NA,NA,NA,NA,NA
"8","treatment","ec52","apr 15",TRUE,"gompertz",FALSE,FALSE,0,0.00153854339930722,1476.55446515548,1.47589973514791,3375.60191000977,8.18715829532061e-06,2.6660716148668,0.00157915195408359,0.00152507552391142,0.00155201127470302,1472.16877734902,1480.94015296194,1.47330203018344,1.47849744011238,0.00152249656904839,0.00155459022956605,1471.32896479034,1481.77996552062,1.47280459731791,1.47899487297791,0.00190194491494218,1544.22713408307,1.47597102635511,3392.18957592845,NA,NA,NA,NA,NA,NA,NA,NA,NA,NA,NA,NA,NA,NA,NA,NA,NA,NA,NA,NA,NA,NA,NA,NA
"9","treatment","62-268","apr 15",TRUE,"gompertz",FALSE,FALSE,0,1.06344896797769e-05,-355.985375612794,0.0182072154629025,65.9353265983977,2.53419946367118e-07,23.3650323400249,7.45565563211561e-05,1.0217613868003e-05,1.10513654915508e-05,-394.420853812135,-317.549897413453,0.0180845699277542,0.0183298609980508,1.01377865848973e-05,1.11311927746564e-05,-401.780838999243,-310.189912226345,0.018061084612513,0.0183533463132919,4.10645535539382e-05,14.8355842130711,0.0190110577308125,65.8882349227528,NA,NA,NA,NA,NA,NA,NA,NA,NA,NA,NA,NA,NA,NA,NA,NA,NA,NA,NA,NA,NA,NA,NA,NA
"10","treatment","ec102","apr 15",TRUE,"gompertz",FALSE,FALSE,0,1.13859961461905e-05,-364.91970260134,0.0191656799821717,69.8496897529167,2.60289030483755e-07,22.2217108335071,7.29332391827189e-05,1.09578206910447e-05,1.18141716013363e-05,-401.474416922459,-328.364988280221,0.0190457048037161,0.0192856551606272,1.08758296464423e-05,1.18961626459387e-05,-408.474255835014,-321.365149367666,0.0190227308333735,0.0193086291309698,3.56275152683937e-05,-5.47619547418611,0.0200086450981474,69.8052206635922,NA,NA,NA,NA,NA,NA,NA,NA,NA,NA,NA,NA,NA,NA,NA,NA,NA,NA,NA,NA,NA,NA,NA,NA
"11","treatment","q1f2","apr 15",TRUE,"gompertz",FALSE,FALSE,0,0.00274392066198664,1069.94491441422,2.08005938888117,5845.41569553819,4.61371908516087e-05,6.83821675257075,0.00510341374379939,0.00266802498303575,0.00281981634093754,1058.69604785624,1081.1937809722,2.07166427327262,2.08845450448972,0.00265349176791749,0.0028343495560558,1056.54200957918,1083.34781924926,2.07005669794332,2.09006207981901,0.00394929467881567,1160.5287742051,2.13507604689446,5846.48028156402,NA,NA,NA,NA,NA,NA,NA,NA,NA,NA,NA,NA,NA,NA,NA,NA,NA,NA,NA,NA,NA,NA,NA,NA
"12","treatment","q1b4","apr 15",TRUE,"gompertz",FALSE,FALSE,0,2.605903279362e-05,-46.9447611890189,0.0147686813562037,59.4909818949463,3.75947784023895e-06,46.4422507751628,0.000185329830230812,1.98746917464269e-05,3.2243373840813e-05,-123.342263714162,29.4527413361239,0.014463813785474,0.0150735489269334,1.86904562267516e-05,3.34276093604883e-05,-137.971572708338,44.0820503303002,0.0144054348889513,0.0151319278234561,6.83320836162154e-05,14.4397969143555,0.0193655068044658,59.5210212987421,NA,NA,NA,NA,NA,NA,NA,NA,NA,NA,NA,NA,NA,NA,NA,NA,NA,NA,NA,NA,NA,NA,NA,NA
"13","treatment","bb362","apr 15",TRUE,"gompertz",FALSE,FALSE,0,1.1171338124691e-05,-353.535725705721,0.0178978083948734,65.8896101298615,2.45120422355223e-07,20.4675507960372,6.19301732678379e-05,1.07681150299166e-05,1.15745612194653e-05,-387.204846765203,-319.86660464624,0.0177959332598478,0.0179996835298989,1.06909020968747e-05,1.16517741525072e-05,-393.652125265954,-313.419326145489,0.0177764252552684,0.0180191915344783,3.70415627747583e-05,-3.73831797089884,0.0184635337533431,65.8577097072456,NA,NA,NA,NA,NA,NA,NA,NA,NA,NA,NA,NA,NA,NA,NA,NA,NA,NA,NA,NA,NA,NA,NA,NA
"14","treatment","02-343","apr 15",TRUE,"gompertz.exp",FALSE,FALSE,0,0,NA,0,NA,NA,NA,NA,NA,NA,NA,NA,NA,NA,NA,NA,NA,NA,NA,NA,1.29769172257797e-05,16.0267599494682,0.00902718787008709,10.4973681604257,NA,NA,NA,NA,NA,NA,NA,NA,NA,NA,NA,NA,NA,NA,NA,NA,NA,NA,NA,NA,NA,NA,NA,NA
"15","treatment","ec124","apr 15",TRUE,"gompertz",FALSE,FALSE,0,1.05430792122207e-05,-421.314873013545,0.0189482256372128,68.661733868992,2.55823335863903e-07,25.3176392507356,7.92468520392293e-05,1.01222498247246e-05,1.09639085997168e-05,-462.962389581005,-379.667356446085,0.0188178645656082,0.0190785867088173,1.00416654739275e-05,1.1044492950514e-05,-470.937445944987,-371.692300082103,0.0187929018072159,0.0191035494672097,3.56673320877612e-05,-5.97471325251357,0.0200515009167434,68.61962977446,NA,NA,NA,NA,NA,NA,NA,NA,NA,NA,NA,NA,NA,NA,NA,NA,NA,NA,NA,NA,NA,NA,NA,NA
"16","treatment","11-228","apr 15",TRUE,"gompertz",FALSE,FALSE,0,1.2572682922063e-05,-311.56659808167,0.0194093772214324,71.4635221131213,2.54982142737822e-07,18.0558942634248,6.18381882212777e-05,1.21532372972593e-05,1.29921285468667e-05,-341.268544145004,-281.864652018336,0.0193076534018084,0.0195111010410564,1.20729179222968e-05,1.30724479218291e-05,-346.956150837982,-276.177045325357,0.0192881743725187,0.0195305800703461,3.92057072248082e-05,-2.53378683036855,0.020015553565722,71.425565466493,NA,NA,NA,NA,NA,NA,NA,NA,NA,NA,NA,NA,NA,NA,NA,NA,NA,NA,NA,NA,NA,NA,NA,NA
"17","treatment","scc187","apr 15",TRUE,"gompertz",FALSE,FALSE,0,1.04319261434735e-05,-443.123239315189,0.0193486977200563,69.8107871051485,2.43108806258905e-07,25.0795688472668,7.9637448777956e-05,1.00320121571776e-05,1.08318401297694e-05,-484.379130068942,-401.867348561435,0.0192176941168165,0.019479701323296,9.95543288320607e-06,1.0908419403741e-05,-492.279194255831,-393.967284374546,0.0191926083204515,0.019504787119661,4.98167433812167e-05,7.32303562370742,0.0200191184528331,69.7780695373665,NA,NA,NA,NA,NA,NA,NA,NA,NA,NA,NA,NA,NA,NA,NA,NA,NA,NA,NA,NA,NA,NA,NA,NA
"18","treatment","ec116","apr 15",TRUE,"gompertz",FALSE,FALSE,0,1.00785253467432e-05,-451.850554895705,0.0191063778963553,68.6271035123176,2.35498375072721e-07,25.6153824344567,8.07641238596186e-05,9.6911305197486e-06,1.04659201737379e-05,-493.987859000387,-409.713250791024,0.0189735209126063,0.0192392348801044,9.6169485316007e-06,1.05401021618858e-05,-502.056704467241,-401.64440532417,0.0189480802135905,0.0192646755791202,4.47509942757388e-05,2.78584716290743,0.0200126413619575,68.5917480208065,NA,NA,NA,NA,NA,NA,NA,NA,NA,NA,NA,NA,NA,NA,NA,NA,NA,NA,NA,NA,NA,NA,NA,NA
"19","treatment","p. caro","apr 15",TRUE,"gompertz",FALSE,FALSE,0,1.00800017360749e-05,-326.49951674042,0.0177482810796163,63.3734198316242,2.6017439112576e-07,25.5373932467804,8.40694664445801e-05,9.65201486267305e-06,1.05079886094768e-05,-368.508528631373,-284.490504849466,0.0176099868073149,0.0178865753519176,9.57005992946843e-06,1.05899435426814e-05,-376.552807504109,-276.44622597673,0.0175835049253849,0.0179130572338476,2.95978471582893e-05,20.9188196619823,0.0184156452829104,63.3136890279957,NA,NA,NA,NA,NA,NA,NA,NA,NA,NA,NA,NA,NA,NA,NA,NA,NA,NA,NA,NA,NA,NA,NA,NA
"20","treatment","ec52","apr 15",TRUE,"gompertz",FALSE,FALSE,0,0.00115757659246812,1340.69706412731,1.53698677870402,3399.6254262693,1.60261959421692e-05,9.22038646769308,0.00587241652277321,0.00113121350014325,0.00118393968479299,1325.52952838795,1355.86459986666,1.52732665352406,1.54664690388398,0.00112616524842147,0.00118898793651477,1322.62510665063,1358.76902160399,1.52547684231939,1.54849671508866,0.00181794429533088,1503.29895618531,1.57640289154204,3399.20215973137,NA,NA,NA,NA,NA,NA,NA,NA,NA,NA,NA,NA,NA,NA,NA,NA,NA,NA,NA,NA,NA,NA,NA,NA
"21","treatment","62-268","apr 15",TRUE,"gompertz",FALSE,FALSE,0,1.07796977194342e-05,-408.238493556112,0.019320698806698,69.8732801591451,2.43812722456805e-07,23.4240470227721,7.60047432956669e-05,1.03786257909927e-05,1.11807696478756e-05,-446.771050908572,-369.705936203652,0.0191956710039766,0.0194457266094193,1.03018247834188e-05,1.12575706554495e-05,-454.149625720745,-362.327361391478,0.0191717295098385,0.0194696681035575,3.79163040649523e-05,-4.60912141040762,0.0200038768018929,69.8351074551485,NA,NA,NA,NA,NA,NA,NA,NA,NA,NA,NA,NA,NA,NA,NA,NA,NA,NA,NA,NA,NA,NA,NA,NA
"22","treatment","ec102","apr 15",TRUE,"gompertz",FALSE,FALSE,0,1.18901528261048e-05,-314.575541524271,0.0194327616306196,70.5969876406603,2.61419407127666e-07,20.4692634623598,7.19289919250623e-05,1.14601179013798e-05,1.23201877508298e-05,-348.247479919853,-280.903603128689,0.0193144384389029,0.0195510848223363,1.13777707881346e-05,1.2402534864075e-05,-354.695297910496,-274.455785138046,0.0192917808064465,0.0195737424547927,4.14386616953318e-05,18.6254572229921,0.0200136372102859,70.5468941717934,NA,NA,NA,NA,NA,NA,NA,NA,NA,NA,NA,NA,NA,NA,NA,NA,NA,NA,NA,NA,NA,NA,NA,NA
"23","treatment","q1f2","apr 15",TRUE,"gompertz",FALSE,FALSE,0,0.00269253164162996,1059.13858577733,2.13240739073074,5973.62131894779,4.70401231999604e-05,7.40809157920534,0.00561014579038149,0.00261515063896602,0.00276991264429389,1046.95227512954,1071.32489642513,2.12317870090556,2.14163608055591,0.00260033300015803,0.00278473028310188,1044.61872628209,1073.65844527258,2.12141150498159,2.14340327647988,0.00386869563021434,1152.93748505205,2.20033812898936,5975.74104533473,NA,NA,NA,NA,NA,NA,NA,NA,NA,NA,NA,NA,NA,NA,NA,NA,NA,NA,NA,NA,NA,NA,NA,NA
"24","treatment","q1b4","apr 15",TRUE,"gompertz",FALSE,FALSE,0,1.06766509294206e-05,-358.147359475588,0.0185543128782974,66.9542673170742,2.46922328283446e-07,22.9456909086047,7.50847893979823e-05,1.02704636993943e-05,1.10828381594468e-05,-395.893021020242,-320.401697930933,0.0184307983997377,0.0186778273568571,1.0192683165985e-05,1.11606186928561e-05,-403.120913656453,-313.173805294723,0.0184071466910774,0.0187014790655175,4.00374298190294e-05,16.7289019477938,0.0192113121469235,66.9071880636249,NA,NA,NA,NA,NA,NA,NA,NA,NA,NA,NA,NA,NA,NA,NA,NA,NA,NA,NA,NA,NA,NA,NA,NA
"25","control","bb362","apr 15",TRUE,"gompertz",FALSE,FALSE,0,1.01506683116e-05,-337.222823611393,0.0174317781513276,62.8200135505365,2.24326283389613e-07,21.5517906799608,6.76894001747708e-05,9.78165157542413e-06,1.0519685047776e-05,-372.675519279928,-301.770127942857,0.0173204290880401,0.0175431272146151,9.7109887961564e-06,1.05903478270437e-05,-379.464333344116,-294.981313878669,0.0172991069269851,0.0175644493756702,2.88521549481202e-05,0.123496167029215,0.0180168317742799,62.7718558929852,NA,NA,NA,NA,NA,NA,NA,NA,NA,NA,NA,NA,NA,NA,NA,NA,NA,NA,NA,NA,NA,NA,NA,NA
"26","control","02-343","apr 15",TRUE,"gompertz",FALSE,FALSE,0,9.41746827731847e-06,-531.000271007723,0.0292215175084121,87.8798141184666,2.17414170562309e-07,35.4323356100256,0.000268492850712925,9.05982196674347e-06,9.77511458789347e-06,-589.286463086215,-472.714078929231,0.0287798467689894,0.0296631882478349,8.99133650301634e-06,9.8436000516206e-06,-600.447648803373,-461.552893212073,0.0286952715210148,0.0297477634958095,3.48839378906927e-05,17.49322329945,0.0300340906445918,87.7512736219504,NA,NA,NA,NA,NA,NA,NA,NA,NA,NA,NA,NA,NA,NA,NA,NA,NA,NA,NA,NA,NA,NA,NA,NA
"27","control","ec124","apr 15",TRUE,"gompertz",FALSE,FALSE,0,1.03879053158163e-05,-351.100118227142,0.0177127633055613,64.146891946378,2.2603712295288e-07,21.2283246551422,6.61846569734153e-05,1.00160742485588e-05,1.07597363830738e-05,-386.020712284851,-316.179524169433,0.0176038895448401,0.0178216370662826,9.94487255482863e-06,1.08309380768039e-05,-392.707634551221,-309.492601903064,0.0175830413778934,0.0178424852332292,3.48939926166241e-05,-0.398917938267739,0.0185174523411226,64.1027274116589,NA,NA,NA,NA,NA,NA,NA,NA,NA,NA,NA,NA,NA,NA,NA,NA,NA,NA,NA,NA,NA,NA,NA,NA
"28","control","11-228","apr 15",TRUE,"gompertz",FALSE,FALSE,0,1.0809481300234e-05,-291.997451844609,0.0178067316496077,64.2377933463628,2.33702300102223e-07,20.0687617211784,6.69103116740855e-05,1.04250410165658e-05,1.11939215839021e-05,-325.010564875948,-258.984338813271,0.0176966641869038,0.0179167991123115,1.03514247920336e-05,1.12675378084343e-05,-331.332224818119,-252.6626788711,0.0176755874387265,0.0179378758604889,3.2193740251166e-05,15.0845912393414,0.0189974906613764,64.1779570704117,NA,NA,NA,NA,NA,NA,NA,NA,NA,NA,NA,NA,NA,NA,NA,NA,NA,NA,NA,NA,NA,NA,NA,NA
"29","control","scc187","apr 15",TRUE,"gompertz",FALSE,FALSE,0,9.49894454497133e-06,-344.106833380908,0.0173239509647349,61.4832254551206,2.22844387074598e-07,23.9825040074643,7.69805891285149e-05,9.13236552823362e-06,9.86552356170904e-06,-383.558052473187,-304.655614288629,0.0171973178956185,0.0174505840338513,9.06216954630512e-06,9.93571954363754e-06,-391.112541235538,-297.101125526278,0.017173069010043,0.0174748329194268,3.06323208442378e-05,12.7096695197622,0.0180169796321782,61.4250497750382,NA,NA,NA,NA,NA,NA,NA,NA,NA,NA,NA,NA,NA,NA,NA,NA,NA,NA,NA,NA,NA,NA,NA,NA
"30","control","ec116","apr 15",TRUE,"gompertz",FALSE,FALSE,0,9.92083518319518e-06,-348.119618868574,0.0177717295269916,63.4541617754941,2.25400917000035e-07,22.956886749132,7.43411860864164e-05,9.55005067473013e-06,1.02916196916602e-05,-385.883697570896,-310.355540166251,0.0176494382758795,0.0178940207781038,9.47904938587511e-06,1.03626209805153e-05,-393.115116896872,-303.124120840275,0.0176260208022623,0.017917438251721,3.46136913539713e-05,14.8853978850851,0.018766242358948,63.4018076745214,NA,NA,NA,NA,NA,NA,NA,NA,NA,NA,NA,NA,NA,NA,NA,NA,NA,NA,NA,NA,NA,NA,NA,NA
"31","control","p. caro","apr 15",TRUE,"gompertz",FALSE,FALSE,0,9.79152442324528e-06,-334.469991055549,0.0175706661047878,62.5151921699375,2.18051470404704e-07,22.4140668635146,7.31318997273792e-05,9.43282975442954e-06,1.0150219092061e-05,-371.341131046031,-297.598851065068,0.0174503641297362,0.0176909680798393,9.36414354125206e-06,1.02189053052385e-05,-378.401562108038,-290.538420003061,0.0174273275813221,0.0177140046282534,3.00715902166993e-05,12.3004805830483,0.0180087183529776,62.4599769880083,NA,NA,NA,NA,NA,NA,NA,NA,NA,NA,NA,NA,NA,NA,NA,NA,NA,NA,NA,NA,NA,NA,NA,NA
"32","control","ec52","apr 15",TRUE,"gompertz",FALSE,FALSE,0,0.000963531561704597,823.429775328842,1.69797938481278,4214.47398260009,3.54093128266392e-05,31.6513779974707,0.0204331840651353,0.000905283242104776,0.00102177988130442,771.363258523002,875.496292134681,1.66436679702563,1.73159197259992,0.000894129308564384,0.00103293381484481,761.393074453799,885.466476203884,1.65793034404511,1.73802842558044,0.00278500035976568,2062.97545410973,1.77238645113434,4182.95733587099,NA,NA,NA,NA,NA,NA,NA,NA,NA,NA,NA,NA,NA,NA,NA,NA,NA,NA,NA,NA,NA,NA,NA,NA
"33","control","62-268","apr 15",TRUE,"gompertz",FALSE,FALSE,0,0.00171789688549437,1051.40879617024,1.62226229108587,4413.76097330922,6.96382503399998e-05,20.2738567604229,0.011441326758653,0.00160334196368507,0.00183245180730367,1018.05830179934,1084.75929054113,1.60344130856789,1.64108327360385,0.00158140591482797,0.00185438785616077,1011.67203691981,1091.14555542067,1.59983729063891,1.64468729153283,0.0217119421929122,1745.93158576869,1.69346704069358,4402.74559916762,NA,NA,NA,NA,NA,NA,NA,NA,NA,NA,NA,NA,NA,NA,NA,NA,NA,NA,NA,NA,NA,NA,NA,NA
"34","control","ec102","apr 15",TRUE,"gompertz",FALSE,FALSE,0,1.04876115747146e-05,-403.619532548067,0.0194383097479146,69.5661989297114,2.34464510298714e-07,23.6602304495248,7.96581771084915e-05,1.01019174552733e-05,1.0873305694156e-05,-442.540611637535,-364.698453458598,0.0193072720465711,0.0195693474492581,1.00280611345292e-05,1.09471620149001e-05,-449.993584229135,-357.245480866998,0.019282179720782,0.0195944397750472,3.9295046766446e-05,3.97387119310332,0.0200192417930697,69.5224518673845,NA,NA,NA,NA,NA,NA,NA,NA,NA,NA,NA,NA,NA,NA,NA,NA,NA,NA,NA,NA,NA,NA,NA,NA
"35","control","q1f2","apr 15",TRUE,"logistic",FALSE,FALSE,0,0.00278630880620544,1021.4996706187,2.16966192012846,6311.56261133686,3.38682529849773e-05,5.37987516534599,0.00357512400977853,0.00273059553004515,0.00284202208236573,1012.64977597171,1030.34956526569,2.16378084113237,2.17554299912454,0.00271992703035488,0.002852690582056,1010.95511529462,1032.04422594278,2.16265467706929,2.17666916318762,0.00470138896610036,1206.66448483702,2.20110901769852,6314.1134180302,NA,NA,NA,NA,NA,NA,NA,NA,NA,NA,NA,NA,NA,NA,NA,NA,NA,NA,NA,NA,NA,NA,NA,NA
"36","control","q1b4","apr 15",TRUE,"gompertz",FALSE,FALSE,0,1.02110885635901e-05,-322.757859398639,0.0175467107703263,63.0225141578337,2.2857937292139e-07,21.7165628301942,7.00322078301992e-05,9.83507549513442e-06,1.05871016320458e-05,-358.481605254308,-287.034113542969,0.0174315077884457,0.017661913752207,9.76307299266418e-06,1.0659104134516e-05,-365.322322545819,-280.193396251458,0.0174094476429791,0.0176839738976735,3.12791682851661e-05,14.4394869376861,0.0180057239490082,62.970458828123,NA,NA,NA,NA,NA,NA,NA,NA,NA,NA,NA,NA,NA,NA,NA,NA,NA,NA,NA,NA,NA,NA,NA,NA
"37","control","bb362","apr 15",TRUE,"gompertz",FALSE,FALSE,0,1.02015421877508e-05,-325.146068147036,0.0169936628966956,61.5749538903127,2.23469948051152e-07,20.7797004090302,6.3572558142904e-05,9.8339341232067e-06,1.0569150252295e-05,-359.328675319891,-290.963460974181,0.0168890860385505,0.0170982397548406,9.76354108957059e-06,1.06395432859311e-05,-365.874280948735,-284.417855345337,0.0168690606827355,0.0171182651106557,3.38716500228045e-05,7.89829794473351,0.0179234759331573,61.532308046121,NA,NA,NA,NA,NA,NA,NA,NA,NA,NA,NA,NA,NA,NA,NA,NA,NA,NA,NA,NA,NA,NA,NA,NA
"38","control","02-343","apr 15",TRUE,"gompertz",FALSE,FALSE,0,9.65707476882386e-06,-530.416652492549,0.034067094698973,95.4051254026329,2.38998114184098e-07,40.8219633258582,0.000438828725662591,9.26392287099102e-06,1.00502266666567e-05,-597.568782163586,-463.264522821512,0.0333452214452581,0.034788967952688,9.18863846502303e-06,1.01255110726247e-05,-610.427700611231,-450.405604373867,0.0332069903966744,0.0349271990012717,3.10766980419981e-05,32.1855106046093,0.0353941676356145,95.2106816869119,NA,NA,NA,NA,NA,NA,NA,NA,NA,NA,NA,NA,NA,NA,NA,NA,NA,NA,NA,NA,NA,NA,NA,NA
"39","control","ec124","apr 15",TRUE,"gompertz",FALSE,FALSE,0,1.00161962440487e-05,-298.919262546793,0.017107025096996,61.2184912517298,2.30465691789928e-07,22.017358559304,7.11890545357006e-05,9.63708018105426e-06,1.03953123070431e-05,-335.137817376848,-262.700707716738,0.0169899191022848,0.0172241310917072,9.56448348814043e-06,1.04679089999569e-05,-342.073285323029,-255.765239770557,0.016967494550106,0.017246555643886,2.59393233858212e-05,14.5375275842703,0.0180277611691763,61.1552746150401,NA,NA,NA,NA,NA,NA,NA,NA,NA,NA,NA,NA,NA,NA,NA,NA,NA,NA,NA,NA,NA,NA,NA,NA
"40","control","11-228","apr 15",TRUE,"gompertz",FALSE,FALSE,0,1.08445598206084e-05,-295.620713766433,0.0176825297930565,64.0101744667338,2.31247054164928e-07,19.6659800729073,6.44664057951172e-05,1.04641584165071e-05,1.12249612247097e-05,-327.971250986365,-263.2701765465,0.0175764825555236,0.0177885770305895,1.03913155944451e-05,1.12978040467716e-05,-334.166034709331,-257.075392823535,0.0175561756376981,0.017808883948415,3.4382390246132e-05,17.0429997571263,0.0180264343315017,63.9611772068348,NA,NA,NA,NA,NA,NA,NA,NA,NA,NA,NA,NA,NA,NA,NA,NA,NA,NA,NA,NA,NA,NA,NA,NA
"41","control","scc187","apr 15",TRUE,"gompertz",FALSE,FALSE,0,9.77535280977669e-06,-332.806050555183,0.017449566674206,62.1542138426136,2.1891866282369e-07,22.4385573947606,7.26285702747726e-05,9.41523160943172e-06,1.01354740101217e-05,-369.717477469564,-295.894623640802,0.017330092676104,0.017569040672308,9.34627223064226e-06,1.02044333889111e-05,-376.785623048914,-288.826478061452,0.0173072146764674,0.0175919186719446,3.4698120097512e-05,14.4102105136993,0.0180222797153685,62.1005072631561,NA,NA,NA,NA,NA,NA,NA,NA,NA,NA,NA,NA,NA,NA,NA,NA,NA,NA,NA,NA,NA,NA,NA,NA
"42","control","ec116","apr 15",TRUE,"gompertz",FALSE,FALSE,0,9.75799273741169e-06,-345.266244104776,0.0174753741173344,62.3613439477485,2.21793806433929e-07,22.9368515215221,7.32999521976553e-05,9.39314192582788e-06,1.01228435489955e-05,-382.99736485768,-307.535123351872,0.0173547956959693,0.0175959525386995,9.32327687680119e-06,1.01927085980222e-05,-390.222473086959,-300.310015122593,0.017331706211027,0.0176190420236418,3.24242193961193e-05,14.4248021976317,0.0180195993837368,62.310472851101,NA,NA,NA,NA,NA,NA,NA,NA,NA,NA,NA,NA,NA,NA,NA,NA,NA,NA,NA,NA,NA,NA,NA,NA
"43","control","p. caro","apr 15",TRUE,"gompertz",FALSE,FALSE,0,9.94005655733822e-06,-350.897648751748,0.0175275111134829,62.8978056298812,2.26618849747674e-07,22.7956592138101,7.18173398160233e-05,9.5672685495033e-06,1.03128445651731e-05,-388.396508158466,-313.398789345031,0.0174093715894856,0.0176456506374803,9.49588361183278e-06,1.03842295028437e-05,-395.577140810816,-306.21815669268,0.0173867491274435,0.0176682730995224,3.1288229024207e-05,4.34633675090018,0.0180111515410534,62.8480910595904,NA,NA,NA,NA,NA,NA,NA,NA,NA,NA,NA,NA,NA,NA,NA,NA,NA,NA,NA,NA,NA,NA,NA,NA
"44","control","ec52","apr 15",TRUE,"gompertz",FALSE,FALSE,0,0.000933273856246666,790.760036448656,1.99231563462605,4610.64277413256,2.94852699348649e-05,31.4109782966806,0.0276854272694871,0.000884770587203813,0.000981777125289519,739.088977150616,842.431095746696,1.94677310676774,2.03785816248435,0.000875482727174331,0.000991064985319001,729.194518987162,852.32555391015,1.93805219717785,2.04657907207424,0.00238001973777502,1129.80249389507,2.11387824662394,4568.03887869802,NA,NA,NA,NA,NA,NA,NA,NA,NA,NA,NA,NA,NA,NA,NA,NA,NA,NA,NA,NA,NA,NA,NA,NA
"45","control","62-268","apr 15",TRUE,"gompertz",FALSE,FALSE,0,0.00319728353686169,1316.87302200756,1.72226928281284,4633.90224132805,0.000140938527956713,12.8631177812335,0.0091567064939682,0.0029654396583729,0.00342912741535049,1295.71319325743,1338.03285075769,1.70720650063026,1.73733206499542,0.00292104402206654,0.00347352305165685,1291.66131115634,1342.08473285878,1.70432213808466,1.74021642754102,0.00951409952338954,1510.66513413627,1.82830742767208,4639.69207257468,NA,NA,NA,NA,NA,NA,NA,NA,NA,NA,NA,NA,NA,NA,NA,NA,NA,NA,NA,NA,NA,NA,NA,NA
"46","control","ec102","apr 15",TRUE,"gompertz",FALSE,FALSE,0,1.05168027476676e-05,-463.221266358078,0.0216037716517868,75.8885524763938,2.51850239249127e-07,27.8304107915672,0.000104682473433644,1.01025091041028e-05,1.09310963912324e-05,-509.002292110205,-417.44024060595,0.0214315689829885,0.0217759743205851,1.00231762787393e-05,1.10104292165959e-05,-517.768871509549,-408.673661206606,0.0213985940038569,0.0218089492997167,4.80735927363633e-05,10.1435864776043,0.0228997251921161,75.8359666278285,NA,NA,NA,NA,NA,NA,NA,NA,NA,NA,NA,NA,NA,NA,NA,NA,NA,NA,NA,NA,NA,NA,NA,NA
"47","control","q1f2","apr 15",TRUE,"richards",FALSE,FALSE,0,0.00264923321628269,1013.12936146125,2.07767439301975,6168.2790227751,8.84838536182356e-05,18.1013940953689,0.00783034715937761,0.0025036772770807,0.00279478915548469,983.352568174371,1042.90615474813,2.06479347194258,2.09055531409693,0.00247580486319095,0.00282266156937444,977.650629034329,1048.60809388818,2.06232691258737,2.09302187345213,0.00519512577523985,1271.27158183123,2.17714988878742,6148.91737118587,NA,NA,NA,NA,NA,NA,NA,NA,NA,NA,NA,NA,NA,NA,NA,NA,NA,NA,NA,NA,NA,NA,NA,NA
"48","control","q1b4","apr 15",TRUE,"gompertz",FALSE,FALSE,0,1.02886744693875e-05,-355.197920896976,0.0179830263698997,64.7499496483082,2.3262740504326e-07,22.5000452649911,7.19072866610755e-05,9.90600238809133e-06,1.06713465506836e-05,-392.210495357886,-318.185346436066,0.0178647388833423,0.0181013138564572,9.8327247555027e-06,1.07446241832723e-05,-399.298009616358,-311.097832177593,0.017842088088044,0.0181239646517554,3.56888144946473e-05,3.54829934536717,0.0190213576272942,64.6999582370918,NA,NA,NA,NA,NA,NA,NA,NA,NA,NA,NA,NA,NA,NA,NA,NA,NA,NA,NA,NA,NA,NA,NA,NA
"49","treatment","ec102","apr 15",TRUE,"gompertz",FALSE,FALSE,0,1.27154873245711e-05,-307.948075338729,0.0187413258644881,69.693047920586,2.55735422498216e-07,17.2544845433924,5.61212808331475e-05,1.22948025545615e-05,1.31361720945806e-05,-336.331702412609,-279.564448264848,0.0186490063575176,0.0188336453714586,1.22142458964746e-05,1.32167287526676e-05,-341.766865043778,-274.12928563368,0.0186313281540551,0.0188513235749211,4.53312287776228e-05,3.6738029389362,0.0193068347778534,69.6621688223883,NA,NA,NA,NA,NA,NA,NA,NA,NA,NA,NA,NA,NA,NA,NA,NA,NA,NA,NA,NA,NA,NA,NA,NA
"50","treatment","p. caro","apr 15",TRUE,"gompertz",FALSE,FALSE,0,1.07311710928642e-05,-419.572614094459,0.0193245705184461,69.9617017789888,2.43227376516277e-07,23.6641972085489,7.58414304539039e-05,1.03310620584949e-05,1.11312801272335e-05,-458.500218502522,-380.645009686396,0.0191998113653494,0.0194493296715428,1.02544454348923e-05,1.12078967508361e-05,-465.954440623215,-373.190787565703,0.0191759213147565,0.0194732197221358,5.41819408006791e-05,9.79168293063348,0.0200148387137892,69.9288961683929,NA,NA,NA,NA,NA,NA,NA,NA,NA,NA,NA,NA,NA,NA,NA,NA,NA,NA,NA,NA,NA,NA,NA,NA
"51","treatment","ec52","apr 15",TRUE,"gompertz",FALSE,FALSE,0,0.00112527225771123,1342.78116734126,1.4793142162445,3279.96861179276,1.59643615850406e-05,9.37121875068477,0.005722995471709,0.00109901088290383,0.00115153363251862,1327.36551249638,1358.19682218613,1.46989988869354,1.48872854379546,0.00109398210900455,0.00115656240641791,1324.41357858992,1361.1487560926,1.46809714511995,1.49053128736905,0.00171162932595268,1502.15749893494,1.51258771822524,3281.84747194844,NA,NA,NA,NA,NA,NA,NA,NA,NA,NA,NA,NA,NA,NA,NA,NA,NA,NA,NA,NA,NA,NA,NA,NA
"52","treatment","62-268","apr 15",TRUE,"richards",FALSE,FALSE,0,0.00205218815376728,2184.6940337067,1.84925095766298,3528.07705382925,0.00018952073098647,67.631663261644,0.0158886626176593,0.00174042655129454,0.00236394975624003,2073.4399476413,2295.94811977211,1.82311410765693,1.87538780766903,0.0016807275210338,0.00242364878650076,2052.13597371388,2317.25209369952,1.81810917893236,1.88039273639359,0.0119229794466131,2639.97574225859,2.06545210201774,3536.64975581689,NA,NA,NA,NA,NA,NA,NA,NA,NA,NA,NA,NA,NA,NA,NA,NA,NA,NA,NA,NA,NA,NA,NA,NA
"53","treatment","q1f2","apr 15",TRUE,"gompertz",FALSE,FALSE,0,0.00263021613758038,1066.94603355398,2.14647569690322,5966.25378797423,4.65454216770376e-05,7.71893523099439,0.00586943304855286,0.00255364891892165,0.00270678335623911,1054.24838509899,1079.64368200896,2.13682047953835,2.15613091426809,0.00253898711109339,0.00272144516406737,1051.81692050123,1082.07514660673,2.13497160812806,2.15797978567839,0.00400884230714138,1175.8386087213,2.21769045250054,5967.16985147442,NA,NA,NA,NA,NA,NA,NA,NA,NA,NA,NA,NA,NA,NA,NA,NA,NA,NA,NA,NA,NA,NA,NA,NA
"54","treatment","q1b4","apr 15",TRUE,"gompertz",FALSE,FALSE,0,1.03729936653366e-05,-390.204385353477,0.0185734100109365,66.9334154693831,2.41765295787734e-07,23.9406441757267,7.65255767248893e-05,9.9752897537658e-06,1.07706975769074e-05,-429.586745022548,-350.822025684407,0.0184475254372241,0.018699294584649,9.89913368559266e-06,1.08468536450806e-05,-437.128047937901,-343.280722769053,0.0184234198805558,0.0187234001413173,4.22424977034278e-05,11.3522952895758,0.0191792000068527,66.8924091694604,NA,NA,NA,NA,NA,NA,NA,NA,NA,NA,NA,NA,NA,NA,NA,NA,NA,NA,NA,NA,NA,NA,NA,NA
"55","treatment","02-343","apr 15",TRUE,"gompertz",FALSE,FALSE,0,1.18973480653972e-05,-389.039052421675,0.0257509196183637,87.3950383837378,2.13995639644708e-07,21.1020271980943,0.000108437851400396,1.15453252381817e-05,1.22493708926128e-05,-423.75188716254,-354.326217680809,0.0255725393528101,0.0259292998839174,1.14779166116936e-05,1.23167795191009e-05,-430.399025729939,-347.67907911341,0.025538381429619,0.0259634578071085,4.7466412113453e-05,17.9873031341112,0.0271292150410602,87.3233532302937,NA,NA,NA,NA,NA,NA,NA,NA,NA,NA,NA,NA,NA,NA,NA,NA,NA,NA,NA,NA,NA,NA,NA,NA
"57","treatment","11-228","apr 15",TRUE,"gompertz",FALSE,FALSE,0,1.38078196277479e-05,-269.675069853546,0.0186794835006831,70.1891094434126,2.74994048703854e-07,15.6919078199799,5.21746622774947e-05,1.33554544176301e-05,1.42601848378658e-05,-295.488258217412,-243.861881489679,0.0185936561812367,0.0187653108201296,1.32688312922884e-05,1.43468079632075e-05,-300.431209180706,-238.918930526385,0.0185772211626192,0.018781745838747,5.43754495469097e-05,9.94931690915311,0.0192078829240961,70.1601535251491,NA,NA,NA,NA,NA,NA,NA,NA,NA,NA,NA,NA,NA,NA,NA,NA,NA,NA,NA,NA,NA,NA,NA,NA
"58","treatment","bb362","apr 15",TRUE,"gompertz",FALSE,FALSE,0,1.10998704745336e-05,-396.557035760325,0.0195083432395596,70.7580761765141,2.45330483022984e-07,22.4641725480343,7.37922355331677e-05,1.06963018299608e-05,1.15034391191064e-05,-433.510599601842,-359.603471918809,0.0193869550121075,0.0196297314670117,1.06190227278086e-05,1.15807182212587e-05,-440.586813954473,-352.527257566178,0.0193637104579146,0.0196529760212046,4.85042066523349e-05,6.54840247077883,0.0200161292657127,70.7228426830949,NA,NA,NA,NA,NA,NA,NA,NA,NA,NA,NA,NA,NA,NA,NA,NA,NA,NA,NA,NA,NA,NA,NA,NA
"59","treatment","scc187","apr 15",TRUE,"gompertz",FALSE,FALSE,0,1.06909744422808e-05,-398.120788635727,0.0190399335249935,68.8325142619752,2.56229667235995e-07,24.6051391181394,7.94413762997332e-05,1.02694766396776e-05,1.1112472244884e-05,-438.596242485067,-357.645334786388,0.0189092524609804,0.0191706145890066,1.01887642944983e-05,1.11931845900634e-05,-446.346861307281,-349.894715964174,0.018884228427446,0.019195638622541,4.55980494778054e-05,8.75805332324618,0.0200187285429255,68.7887561900538,NA,NA,NA,NA,NA,NA,NA,NA,NA,NA,NA,NA,NA,NA,NA,NA,NA,NA,NA,NA,NA,NA,NA,NA
"60","treatment","ec116","apr 15",TRUE,"gompertz",FALSE,FALSE,0,1.08690956685317e-05,-400.706993264293,0.0191546624709143,69.4845118370532,2.4577689055077e-07,23.0678524752456,7.41040225296099e-05,1.04647926835757e-05,1.12733986534877e-05,-438.653610586072,-362.760375942514,0.0190327613538531,0.0192765635879755,1.03873729630522e-05,1.13508183740112e-05,-445.919984115774,-355.494002412812,0.0190094185867563,0.0192999063550724,4.59296900947301e-05,4.60427512531212,0.0200152445001549,69.4472746626903,NA,NA,NA,NA,NA,NA,NA,NA,NA,NA,NA,NA,NA,NA,NA,NA,NA,NA,NA,NA,NA,NA,NA,NA
"61","treatment","ec102","apr 15",TRUE,"gompertz",FALSE,FALSE,0,1.27407371669346e-05,-242.786602345775,0.0178272784300473,66.1329619138321,2.95897496825148e-07,18.5658299818151,6.21475673262077e-05,1.22539857846573e-05,1.3227488549212e-05,-273.327392665861,-212.245812025689,0.0177250456817957,0.0179295111782989,1.21607780731573e-05,1.33206962607119e-05,-279.175629110133,-206.397575581418,0.0177054691980879,0.0179490876620067,2.87925915391497e-05,-2.81531736949132,0.0182266013766942,66.0856719032698,NA,NA,NA,NA,NA,NA,NA,NA,NA,NA,NA,NA,NA,NA,NA,NA,NA,NA,NA,NA,NA,NA,NA,NA
"62","treatment","p. caro","apr 15",TRUE,"gompertz",FALSE,FALSE,0,1.22065411932949e-05,-398.380155887285,0.0198286160400081,73.4206105565046,3.09979696583538e-07,24.4300541830532,7.71239516638324e-05,1.1696624592415e-05,1.27164577941748e-05,-438.567595018408,-358.192716756163,0.0197017471395211,0.0199554849404951,1.15989809879912e-05,1.28141013985987e-05,-446.263062086069,-350.497249688501,0.019677453094747,0.0199797789852692,4.80872275137631e-05,5.83961146266935,0.0207831312545579,73.3878742788745,NA,NA,NA,NA,NA,NA,NA,NA,NA,NA,NA,NA,NA,NA,NA,NA,NA,NA,NA,NA,NA,NA,NA,NA
"63","treatment","ec52","apr 15",TRUE,"gompertz",FALSE,FALSE,0,0.00103097676778018,1343.90433755661,1.38676895759182,3049.38687288062,1.55626820049258e-05,10.1571639058918,0.00588435926497707,0.00100537615588208,0.00105657737967828,1327.19580293142,1360.6128721818,1.37708918660093,1.3964487285827,0.00100047391105052,0.00106147962450983,1323.99629630106,1363.81237881216,1.37523561343246,1.39830230175117,0.00158322860823328,1504.53219869497,1.41578457558984,3050.30185991054,NA,NA,NA,NA,NA,NA,NA,NA,NA,NA,NA,NA,NA,NA,NA,NA,NA,NA,NA,NA,NA,NA,NA,NA
"64","treatment","62-268","apr 15",TRUE,"richards",FALSE,FALSE,0,0.00122885754985118,2013.29365742962,2.00018098348548,3537.49277920893,5.41981541252683e-05,54.361443741726,0.0226975171760818,0.00113970158631511,0.00131801351338725,1923.86908247449,2102.71823238476,1.96284356773082,2.03751839924013,0.00112262916776565,0.00133508593193671,1906.74522769584,2119.84208716341,1.95569384982036,2.0446681171506,0.0054195753730418,2597.966286209,2.03367623287161,3473.08329205099,NA,NA,NA,NA,NA,NA,NA,NA,NA,NA,NA,NA,NA,NA,NA,NA,NA,NA,NA,NA,NA,NA,NA,NA
"65","treatment","q1f2","apr 15",TRUE,"gompertz",FALSE,FALSE,0,0.0026192807138786,1060.53012984707,2.13566362925959,5950.79527038391,4.77882809027667e-05,7.95235530741396,0.00600708691499147,0.00254066899179355,0.00269789243596365,1047.44850536637,1073.61175432776,2.12578197128443,2.14554528723476,0.00252561568330918,0.00271294574444802,1044.94351344453,1076.1167462496,2.12388973890621,2.14743751961298,0.00389622081373197,1163.3114766484,2.20494551943998,5951.46055519032,NA,NA,NA,NA,NA,NA,NA,NA,NA,NA,NA,NA,NA,NA,NA,NA,NA,NA,NA,NA,NA,NA,NA,NA
"66","treatment","q1b4","apr 15",TRUE,"gompertz",FALSE,FALSE,0,1.05181294499158e-05,-368.900348371132,0.0184174885076368,66.4776471455613,2.61336522223478e-07,24.8964919537982,8.00619829547373e-05,1.00882308708582e-05,1.09480280289734e-05,-409.85507763513,-327.945619107134,0.0182857865456762,0.0185491904695973,1.00059098663578e-05,1.10303490334738e-05,-417.697472600576,-320.103224141688,0.0182605670210455,0.0185744099942281,3.81845845205893e-05,16.9132878250488,0.0190163963383938,66.4287579173644,NA,NA,NA,NA,NA,NA,NA,NA,NA,NA,NA,NA,NA,NA,NA,NA,NA,NA,NA,NA,NA,NA,NA,NA
"67","treatment","02-343","apr 15",TRUE,"gompertz",FALSE,FALSE,0,1.41501293215869e-05,-299.587775474023,0.0253080841949076,89.4197274680638,2.76109383293633e-07,19.3437958811835,9.48271421252119e-05,1.36959293860689e-05,1.46043292571049e-05,-331.40831969857,-267.767231249476,0.0251520935461116,0.0254640748437036,1.36089549303314e-05,1.46913037128424e-05,-337.501615401143,-261.673935546903,0.0251222229963422,0.025493945393473,3.77356706457132e-05,-3.77462369207407,0.0266585403746858,89.3453832964391,NA,NA,NA,NA,NA,NA,NA,NA,NA,NA,NA,NA,NA,NA,NA,NA,NA,NA,NA,NA,NA,NA,NA,NA
"68","treatment","ec124","apr 15",TRUE,"gompertz",FALSE,FALSE,0,1.08891711932464e-05,-391.674832937356,0.0189777754348509,68.9194323868345,2.55068254731607e-07,23.6166658733444,7.55563050818494e-05,1.04695839142129e-05,1.13087584722798e-05,-430.524248299008,-352.825417575705,0.0188534853129912,0.0191020655567105,1.03892374139724e-05,1.13891049725203e-05,-437.963498049111,-345.386167825601,0.0188296850768904,0.0191258657928113,5.18858767039388e-05,9.02194375808699,0.0200108041070586,68.8786744928871,NA,NA,NA,NA,NA,NA,NA,NA,NA,NA,NA,NA,NA,NA,NA,NA,NA,NA,NA,NA,NA,NA,NA,NA
"69","treatment","11-228","apr 15",TRUE,"gompertz",FALSE,FALSE,0,1.14684656401094e-05,-377.065127958188,0.0196004423965361,71.3327039939691,2.64256742539986e-07,22.7652826077913,7.58188622057442e-05,1.10337632986312e-05,1.19031679815877e-05,-414.514017848004,-339.616238068371,0.0194757203682076,0.0197251644248645,1.09505224247311e-05,1.19864088554878e-05,-421.685081869459,-332.445174046917,0.0194518374266128,0.0197490473664593,3.72865342863284e-05,-2.82540600818242,0.0203439126300117,71.2881705025122,NA,NA,NA,NA,NA,NA,NA,NA,NA,NA,NA,NA,NA,NA,NA,NA,NA,NA,NA,NA,NA,NA,NA,NA
"70","treatment","bb362","apr 15",TRUE,"gompertz",FALSE,FALSE,0,1.09764580549985e-05,-355.256420839317,0.0183232638052473,66.7867991178937,2.70659552010381e-07,23.7250018261243,7.51028102383281e-05,1.05312230919414e-05,1.14216930180555e-05,-394.284048843292,-316.228792835343,0.0181997196824053,0.0184468079280894,1.04459653330581e-05,1.15069507769388e-05,-401.757424418521,-308.755417260114,0.0181760622971802,0.0184704653133144,3.57742009820816e-05,7.68190712050185,0.0190946938274581,66.7412417562739,NA,NA,NA,NA,NA,NA,NA,NA,NA,NA,NA,NA,NA,NA,NA,NA,NA,NA,NA,NA,NA,NA,NA,NA
"71","treatment","scc187","apr 15",TRUE,"gompertz",FALSE,FALSE,0,1.10228377007498e-05,-363.959899839263,0.0186203656045023,67.7858376627533,2.52175095181963e-07,22.2867106755103,7.13201294406328e-05,1.06080096691755e-05,1.14376657323241e-05,-400.621538900477,-327.298260778048,0.0185030439915724,0.0187376872174321,1.05285745141931e-05,1.15171008873064e-05,-407.641852763263,-320.277946915263,0.0184805781507986,0.0187601530582059,3.80468363557613e-05,6.05860843320155,0.0194912941760999,67.7418821316999,NA,NA,NA,NA,NA,NA,NA,NA,NA,NA,NA,NA,NA,NA,NA,NA,NA,NA,NA,NA,NA,NA,NA,NA
"72","treatment","ec116","apr 15",TRUE,"gompertz",FALSE,FALSE,0,9.83955466942226e-06,-510.17137442567,0.0191261799950698,69.0140829168257,2.68780153185693e-07,31.2001310907741,9.27639608472883e-05,9.39741131743179e-06,1.02816980214127e-05,-561.495590069993,-458.847158781347,0.018973583279476,0.0192787767106635,9.3127455691783e-06,1.03663637696662e-05,-571.323631363587,-449.019117487753,0.0189443626318091,0.0193079973583304,5.36496100297468e-05,7.58604585464653,0.0205095817137581,68.9939845482937,NA,NA,NA,NA,NA,NA,NA,NA,NA,NA,NA,NA,NA,NA,NA,NA,NA,NA,NA,NA,NA,NA,NA,NA
"73","treatment","ec102","apr 15",TRUE,"gompertz",FALSE,FALSE,0,1.42838738316532e-05,-219.329933695814,0.01766116890379,66.8309270771811,2.73848693504188e-07,13.7011629761427,4.55196860793246e-05,1.38333927308388e-05,1.47343549324676e-05,-241.868346791568,-196.791520600059,0.0175862890201895,0.0177360487873904,1.3747130392385e-05,1.48206172709214e-05,-246.184213129053,-192.475654262574,0.0175719503190745,0.0177503874885054,4.50282836225445e-05,5.40216756903855,0.0180914457719461,66.8101326930656,NA,NA,NA,NA,NA,NA,NA,NA,NA,NA,NA,NA,NA,NA,NA,NA,NA,NA,NA,NA,NA,NA,NA,NA
"74","treatment","p. caro","apr 15",TRUE,"gompertz",FALSE,FALSE,0,1.07489208707892e-05,-377.691108210872,0.018573857474865,67.408481971856,2.39419036281651e-07,22.1873143294013,7.04641479430341e-05,1.03550765561059e-05,1.11427651854726e-05,-414.189240282737,-341.192976139007,0.0184579439514987,0.0186897709982313,1.02796595596772e-05,1.12181821819013e-05,-421.178244296498,-334.203972125245,0.0184357477448967,0.0187119672048334,4.2453908446976e-05,6.62805602581949,0.0190063201696968,67.3706288074638,NA,NA,NA,NA,NA,NA,NA,NA,NA,NA,NA,NA,NA,NA,NA,NA,NA,NA,NA,NA,NA,NA,NA,NA
"75","treatment","ec52","apr 15",TRUE,"gompertz",FALSE,FALSE,0,0.00099189484300782,1330.73813260847,1.3921347322782,3033.73273277674,1.47412121052721e-05,10.3550241184916,0.00612176517366308,0.000967645549094648,0.00101614413692099,1313.70411793356,1347.77214728339,1.38206442856753,1.40220503598888,0.000963002067281487,0.00102078761873415,1310.44228533623,1351.03397988072,1.38013607253782,1.40413339201858,0.0015397156303543,1497.10073262357,1.42102954660079,3033.36785640682,NA,NA,NA,NA,NA,NA,NA,NA,NA,NA,NA,NA,NA,NA,NA,NA,NA,NA,NA,NA,NA,NA,NA,NA
"76","treatment","62-268","apr 15",TRUE,"gompertz",FALSE,FALSE,0,0.000986751618155429,1092.0391331703,1.89067081432736,4037.98168623048,3.39213227961291e-05,30.8476451785967,0.0276524806616825,0.000930951042155797,0.00104255219415506,1041.29475685151,1142.78350948909,1.8451824836389,1.93615914501583,0.000920265825475016,0.00105323741083584,1031.57774862025,1152.50051772035,1.83647195223047,1.94486967642426,0.0119827018175623,2577.22816113793,1.83892520595199,4041.33013553279,NA,NA,NA,NA,NA,NA,NA,NA,NA,NA,NA,NA,NA,NA,NA,NA,NA,NA,NA,NA,NA,NA,NA,NA
"77","treatment","q1f2","apr 15",TRUE,"gompertz",FALSE,FALSE,0,0.00265376208360115,1068.28236456888,2.11942219683746,5909.65801771708,4.67268373576341e-05,7.52480183641931,0.00566973960918788,0.00257689643614784,0.00273062773105446,1055.90406554797,1080.66066358979,2.11009547518035,2.12874891849458,0.00256217748238019,0.00274534668482212,1053.5337529695,1083.03097616826,2.10830950720346,2.13053488647147,0.00388409437252805,1167.35308723211,2.17599042538397,5912.00426020448,NA,NA,NA,NA,NA,NA,NA,NA,NA,NA,NA,NA,NA,NA,NA,NA,NA,NA,NA,NA,NA,NA,NA,NA
"78","treatment","q1b4","apr 15",TRUE,"gompertz.exp",FALSE,FALSE,0,0,NA,0,NA,NA,NA,NA,NA,NA,NA,NA,NA,NA,NA,NA,NA,NA,NA,NA,0.00300515378095446,14.7990195013068,0.130396933429733,220.536844880704,NA,NA,NA,NA,NA,NA,NA,NA,NA,NA,NA,NA,NA,NA,NA,NA,NA,NA,NA,NA,NA,NA,NA,NA
"80","treatment","ec124","apr 15",TRUE,"gompertz",FALSE,FALSE,0,1.08041085306616e-05,-369.512020317201,0.0183873896065601,66.8856352914517,2.49664006981243e-07,22.6876557957568,7.14611864536039e-05,1.03934112391774e-05,1.12148058221457e-05,-406.833214101221,-332.190826533181,0.0182698359548439,0.0185049432582763,1.03147670769783e-05,1.12934499843448e-05,-413.979825676884,-325.044214957517,0.0182473256811111,0.0185274535320092,3.70027819544943e-05,0.796529989911395,0.0190226577958059,66.8441860857165,NA,NA,NA,NA,NA,NA,NA,NA,NA,NA,NA,NA,NA,NA,NA,NA,NA,NA,NA,NA,NA,NA,NA,NA
"81","treatment","11-228","apr 15",TRUE,"gompertz",FALSE,FALSE,0,1.59719985708136e-05,-229.745827426605,0.0194773934102932,74.0546001674963,5.43506493506932e-07,24.1721787938529,8.67202484284902e-05,1.50779303889947e-05,1.68660667526325e-05,-269.509061542492,-189.982593310717,0.0193347386016284,0.0196200482189581,1.490672584354e-05,1.70372712980872e-05,-277.123297862556,-182.368356990653,0.0193074217233734,0.0196473650972131,5.8485765599055e-05,11.8497482425028,0.0220037441001971,74.0247223353568,NA,NA,NA,NA,NA,NA,NA,NA,NA,NA,NA,NA,NA,NA,NA,NA,NA,NA,NA,NA,NA,NA,NA,NA
"82","treatment","bb362","apr 15",TRUE,"gompertz",FALSE,FALSE,0,1.06503260376842e-05,-375.106632013439,0.0184989792782216,67.006859255929,2.44051547484705e-07,22.8863748682846,7.29021968477805e-05,1.02488612420719e-05,1.10517908332965e-05,-412.754718671767,-337.458545355111,0.018379055164407,0.0186189033920362,1.01719850046142e-05,1.11286670707542e-05,-419.963926755277,-330.249337271601,0.0183560909723999,0.0186418675840432,3.2015879380551e-05,-7.42748617678534,0.0190075143033319,66.9627027815943,NA,NA,NA,NA,NA,NA,NA,NA,NA,NA,NA,NA,NA,NA,NA,NA,NA,NA,NA,NA,NA,NA,NA,NA
"83","treatment","scc187","apr 15",TRUE,"gompertz",FALSE,FALSE,0,1.02889073347072e-05,-442.540709406011,0.0188147041350604,68.1484899208843,2.27796244080215e-07,23.5914935640517,7.20917045115365e-05,9.91418251319527e-06,1.06636321562192e-05,-481.348716318876,-403.732702493146,0.018696113281139,0.0189332949889819,9.84242669631e-06,1.07353879731044e-05,-488.780036791552,-396.30138202047,0.0186734043942178,0.0189560038759031,0.000118296026917169,8.29760148026722,0.0207583277189966,68.1331560059486,NA,NA,NA,NA,NA,NA,NA,NA,NA,NA,NA,NA,NA,NA,NA,NA,NA,NA,NA,NA,NA,NA,NA,NA
"84","treatment","ec116","apr 15",TRUE,"gompertz",FALSE,FALSE,0,1.11459017810344e-05,-403.43639466086,0.0193005147880954,70.384246122798,2.65083089791453e-07,23.9914116616132,7.64093590664819e-05,1.07098400983275e-05,1.15819634637414e-05,-442.902266844214,-363.970522477506,0.019174821392431,0.0194262081837598,1.06263389250432e-05,1.16654646370257e-05,-450.459561517622,-356.413227804098,0.0191507524443251,0.0194502771318657,4.66401878586217e-05,4.91431543260311,0.0200172050269414,70.347358218683,NA,NA,NA,NA,NA,NA,NA,NA,NA,NA,NA,NA,NA,NA,NA,NA,NA,NA,NA,NA,NA,NA,NA,NA
"85","treatment","ec102","apr 15",TRUE,"richards",FALSE,FALSE,0,2.44255703103382e-05,-57.6838107176501,0.0156440425156865,61.9447464207555,2.73987774794655e-06,24.0260015604029,7.01350232751688e-05,1.99184714149661e-05,2.89326692057103e-05,-97.206583284513,-18.1610381507873,0.0155286704023989,0.0157594146289742,1.9055409924363e-05,2.97957306963134e-05,-104.77477377604,-10.5928476592604,0.0155065778700672,0.0157815071613059,5.09454840173069e-05,5.97856125901642,0.0168411699437999,61.9711011711883,NA,NA,NA,NA,NA,NA,NA,NA,NA,NA,NA,NA,NA,NA,NA,NA,NA,NA,NA,NA,NA,NA,NA,NA
"86","treatment","p. caro","apr 15",TRUE,"gompertz",FALSE,FALSE,0,1.0040401033151e-05,-457.481827473606,0.0213102732701414,73.9613963572386,1.95058287348991e-07,23.0247720438366,8.86380271635846e-05,9.71953015046186e-06,1.036127191584e-05,-495.357577485717,-419.606077461495,0.0211644637154573,0.0214560828248255,9.65808678994693e-06,1.0422715276355e-05,-502.610380679525,-412.353274267686,0.0211365427369007,0.021484003803382,4.19222102023644e-05,1.70268323918702,0.0219954983163401,73.9344528557238,NA,NA,NA,NA,NA,NA,NA,NA,NA,NA,NA,NA,NA,NA,NA,NA,NA,NA,NA,NA,NA,NA,NA,NA
"87","treatment","ec52","apr 15",TRUE,"gompertz",FALSE,FALSE,0,0.00113261331044767,1387.60962334718,1.47034376497806,3208.20560523179,1.00747120936256e-05,5.79938130945566,0.00357821721178593,0.00111604040905366,0.00114918621184168,1378.06964109313,1397.14960560124,1.46445759766467,1.47622993229145,0.00111286687474416,0.00115235974615118,1376.24283598065,1398.97641071372,1.46333045924296,1.47735707071316,0.00155744208672586,1501.66559718872,1.48499196271401,3216.0014318981,NA,NA,NA,NA,NA,NA,NA,NA,NA,NA,NA,NA,NA,NA,NA,NA,NA,NA,NA,NA,NA,NA,NA,NA
"88","treatment","62-268","apr 15",TRUE,"gompertz",FALSE,FALSE,0,0.00173260573645571,1298.97329363721,1.69105407196216,4151.42434967811,2.01083785564625e-05,5.94211938355241,0.00378328300900996,0.00169952745373033,0.00176568401918109,1289.19850725127,1308.74808002316,1.68483057141233,1.69727757251198,0.00169319331448504,0.00177201815842638,1287.32673964545,1310.61984762897,1.6836388372645,1.69846930665981,0.003887865668695,1525.87484765609,1.7105625984499,4160.16461820609,NA,NA,NA,NA,NA,NA,NA,NA,NA,NA,NA,NA,NA,NA,NA,NA,NA,NA,NA,NA,NA,NA,NA,NA
"89","treatment","q1f2","apr 15",TRUE,"gompertz",FALSE,FALSE,0,0.00304534695637773,1108.06239662455,1.96399409405246,5573.3088271634,4.15522551596859e-05,4.74989105208116,0.00349835400536249,0.00297699349664005,0.00311370041611541,1100.24882584388,1115.87596740522,1.95823930171364,1.96974888639128,0.00296390453626475,0.00312678937649071,1098.75261016247,1117.37218308663,1.95713732020195,1.97085086790297,0.00391178754363613,1172.71009665394,2.02613697626836,5585.58136550459,NA,NA,NA,NA,NA,NA,NA,NA,NA,NA,NA,NA,NA,NA,NA,NA,NA,NA,NA,NA,NA,NA,NA,NA
"90","treatment","q1b4","apr 15",TRUE,"gompertz",FALSE,FALSE,0,1.16083943660511e-05,-373.358245881552,0.0185815767461003,68.7014624392427,2.67418135460945e-07,21.6720262482922,6.60240983079033e-05,1.11684915332178e-05,1.20482971988844e-05,-409.008729059993,-337.707762703111,0.0184729671043838,0.0186901863878168,1.10842548205476e-05,1.21325339115545e-05,-415.835417328205,-330.881074434899,0.0184521695134168,0.0187109839787838,6.48525818656104e-05,12.8838634889186,0.0196046610384689,68.6727959287516,NA,NA,NA,NA,NA,NA,NA,NA,NA,NA,NA,NA,NA,NA,NA,NA,NA,NA,NA,NA,NA,NA,NA,NA
"91","treatment","02-343","apr 15",TRUE,"gompertz.exp",FALSE,FALSE,0,0,NA,0,NA,NA,NA,NA,NA,NA,NA,NA,NA,NA,NA,NA,NA,NA,NA,NA,8.69511791900199e-05,10.3163605802212,0.0353151813838817,47.1585832925082,NA,NA,NA,NA,NA,NA,NA,NA,NA,NA,NA,NA,NA,NA,NA,NA,NA,NA,NA,NA,NA,NA,NA,NA
"92","treatment","ec124","apr 15",TRUE,"gompertz",FALSE,FALSE,0,1.10528548226134e-05,-367.678438659446,0.0184718221858565,67.4850626694933,2.62491273429574e-07,22.9923705254709,7.21189842748404e-05,1.06210566778217e-05,1.1484652967405e-05,-405.500888173845,-329.855989145046,0.0183531864567244,0.0185904579149886,1.05383719266914e-05,1.15673377185354e-05,-412.743484889369,-322.613392429523,0.0183304689766778,0.0186131753950352,3.69156625634021e-05,0.987997983590874,0.019181084536681,67.444418828971,NA,NA,NA,NA,NA,NA,NA,NA,NA,NA,NA,NA,NA,NA,NA,NA,NA,NA,NA,NA,NA,NA,NA,NA
"93","treatment","11-228","apr 15",TRUE,"gompertz",FALSE,FALSE,0,1.11247545685822e-05,-372.526031356584,0.0199632987964946,71.6254293349327,2.47877673686042e-07,22.7595337744165,8.02282532137114e-05,1.07169957953686e-05,1.15325133417957e-05,-409.965464415499,-335.086598297669,0.0198313233199581,0.0200952742730312,1.06389143281575e-05,1.16105948090068e-05,-417.134717554441,-327.917345158728,0.0198060514201957,0.0201205461727935,3.55024509292362e-05,-7.48892200821102,0.0208664616980911,71.5846099930121,NA,NA,NA,NA,NA,NA,NA,NA,NA,NA,NA,NA,NA,NA,NA,NA,NA,NA,NA,NA,NA,NA,NA,NA
"94","treatment","bb362","apr 15",TRUE,"gompertz",FALSE,FALSE,0,1.06813262662742e-05,-407.154331655484,0.0201749974874033,71.858882869213,2.10647508727725e-07,21.1793902797628,7.47049222196099e-05,1.03348111144171e-05,1.10278414181313e-05,-441.994428665693,-372.314234645274,0.020052107890352,0.0202978870844545,1.02684571491679e-05,1.10941953833806e-05,-448.665936603819,-365.642726707149,0.0200285758398529,0.0203214191349537,5.44614171192248e-05,9.79625008309965,0.0210310307678987,71.826072164619,NA,NA,NA,NA,NA,NA,NA,NA,NA,NA,NA,NA,NA,NA,NA,NA,NA,NA,NA,NA,NA,NA,NA,NA
"95","treatment","scc187","apr 15",TRUE,"gompertz",FALSE,FALSE,0,1.01550359491611e-05,-391.425065673278,0.0181194552659651,65.3781188041868,2.53772701602297e-07,25.6179188419291,7.95562577456424e-05,9.73757985502528e-06,1.05724920432968e-05,-433.566542168251,-349.283589178305,0.0179885852219735,0.0182503253099567,9.65764145402056e-06,1.06524304443016e-05,-441.636186603459,-341.213944743097,0.0179635250007837,0.0182753855311466,4.57807751036043e-05,18.5249678998646,0.0190069382606324,65.334582843425,NA,NA,NA,NA,NA,NA,NA,NA,NA,NA,NA,NA,NA,NA,NA,NA,NA,NA,NA,NA,NA,NA,NA,NA
"96","treatment","ec116","apr 15",TRUE,"gompertz",FALSE,FALSE,0,1.19646178048615e-05,-366.306968648811,0.0190793430930461,70.5049502617796,2.9376920942475e-07,22.9595498769356,7.2435965728652e-05,1.14813674553578e-05,1.24478681543653e-05,-404.07542819637,-328.538509101252,0.0189601859294224,0.0191985002566697,1.1388830154389e-05,1.2540405455334e-05,-411.307686407605,-321.306250890017,0.0189373686002179,0.0192213175858742,8.23761071445617e-05,9.56360354494178,0.0208149958567488,70.4906986096283,NA,NA,NA,NA,NA,NA,NA,NA,NA,NA,NA,NA,NA,NA,NA,NA,NA,NA,NA,NA,NA,NA,NA,NA
